model,n,k,d,phase,mean_social_cost,max_regret,std_social_cost,min_social_cost,max_social_cost,duration,max_memory,metric
RegretNetSystem,5,1,1,train,0.09879884123802185,0.001205350155942142,1.0,0.022878114134073257,0.20078144967556,113.60803508758545,0.8084375,0.09879884123802185
RegretNetSystem,5,1,1,test,0.10491587966680527,0.0015327410073950887,1.0,0.025308366864919662,0.21502871811389923,0.04619717597961426,0.644560546875,0.10491587966680527
RegretNetSystem,5,2,1,train,0.05015891417860985,0.004376500379294157,1.0,0.013227695599198341,0.09158049523830414,106.82074546813965,0.8084765625,inf
RegretNetSystem,5,2,1,test,0.05536460131406784,0.016811970621347427,1.0,0.017697567120194435,0.09708897769451141,0.04237103462219238,0.644638671875,inf
RegretNetSystem,5,3,1,train,0.031153572723269463,0.003617588197812438,1.0,0.008244320750236511,0.06005639210343361,106.38907527923584,0.8086328125,inf
RegretNetSystem,5,3,1,test,0.030833544209599495,0.003961747512221336,1.0,0.008002754300832748,0.05969213321805,0.04524683952331543,0.644716796875,inf
RegretNetSystem,5,4,1,train,0.023741398006677628,0.0026016999036073685,1.0,0.006461297627538443,0.045715928077697754,108.57015776634216,0.808623046875,0.023741398006677628
RegretNetSystem,5,4,1,test,0.02287161909043789,0.0031397477723658085,1.0,0.005710796918720007,0.0454895980656147,0.03806638717651367,0.64484375,inf
