model,n,k,d,phase,mean_social_cost,max_regret,std_social_cost,min_social_cost,max_social_cost,duration,max_memory,metric
RegretNetSystem,5,1,1,train,0.09886985272169113,0.0008644071640446782,1.0,0.02296946570277214,0.20126736164093018,106.48903298377991,0.8083984375,0.09886985272169113
RegretNetSystem,5,1,1,test,0.10544910281896591,0.0009542987681925297,1.0,0.024952584877610207,0.2160709947347641,0.051390647888183594,0.644560546875,0.10544910281896591
RegretNetSystem,5,2,1,train,0.0518270805478096,0.003634020918980241,1.0,0.013185989111661911,0.09572476893663406,101.0443422794342,0.8084375,inf
RegretNetSystem,5,2,1,test,0.05797379091382027,0.015611888840794563,1.0,0.01708524487912655,0.10766076296567917,0.03626060485839844,0.644677734375,inf
RegretNetSystem,5,3,1,train,0.029209135100245476,0.004409327637404203,1.0,0.008094717748463154,0.05431940779089928,104.65939807891846,0.808515625,inf
RegretNetSystem,5,3,1,test,0.031128564849495888,0.0032311640679836273,1.0,0.007848354056477547,0.060557760298252106,0.0433652400970459,0.644755859375,inf
RegretNetSystem,5,4,1,train,0.022088970988988876,0.002053301315754652,1.0,0.0056676315143704414,0.04335242509841919,110.32146763801575,0.808623046875,0.022088970988988876
RegretNetSystem,5,4,1,test,0.02290801703929901,0.002286152681335807,1.0,0.005754546262323856,0.04620281606912613,0.0514523983001709,0.64484375,0.02290801703929901
